{"users":[{"puuid":"x5FwGIU7BIN35nDwStulUZmxXcYUn3bPVIP2axEn_uci9jWrVkSyktTl24jL5iTWfQQaJBtwbE0LVw","gameName":"CheemssF","tagLine":"1009","totalPoints":48},{"puuid":"Mz0teWoabqs6H1CbAWiIkr1h1R3hrDtw5uoNGncsdGK8Yt89HNqNhWQ3U2fbyf5BL44AY8hWeILcoQ","gameName":"hien anh91","tagLine":"vn2","totalPoints":174},{"puuid":"vSPPOyEcyjA8WnrOOLAehTN7XpBz43sq2XKYzX06zcyd9rOUeiVQ_4IHzVjKi2MJoQiTz_AENvxd2w","gameName":"Mắm tôm Diorr","tagLine":"7777","totalPoints":28}],"createdIn":15.727,"createdDate":"2025-12-01T17:30:16.701Z"}