[{"matchId":"VN2_1139454290","endOfGameResult":"GameComplete","gameMode":"standard","participants":[{"riotIdGameName":"Da0 lAo GiA","riotIdTagline":"6899","placement":8,"timeEliminated":933.2133178710938,"totalPoints":0},{"riotIdGameName":"CheemssF","riotIdTagline":"1009","placement":1,"timeEliminated":2163.475341796875,"totalPoints":10},{"riotIdGameName":"hien anh91","riotIdTagline":"vn2","placement":3,"timeEliminated":2033.9610595703125,"totalPoints":6},{"riotIdGameName":"adu 12","riotIdTagline":"VL2","placement":2,"timeEliminated":2163.475341796875,"totalPoints":8},{"riotIdGameName":"Mắm tôm Diorr","riotIdTagline":"7777","placement":6,"timeEliminated":1693.392578125,"totalPoints":0},{"riotIdGameName":"Rồng Vĩ Đại","riotIdTagline":"8544","placement":7,"timeEliminated":1119.5025634765625,"totalPoints":0},{"riotIdGameName":"PoroVôPháp","riotIdTagline":"30447","placement":5,"timeEliminated":1857.25244140625,"totalPoints":0},{"riotIdGameName":"Thích ăn rau non","riotIdTagline":"vn2","placement":4,"timeEliminated":1852.546142578125,"totalPoints":4}]},{"matchId":"VN2_1139210139","endOfGameResult":"GameComplete","gameMode":"standard","participants":[{"riotIdGameName":"du i Nguyễn","riotIdTagline":"2001","placement":8,"timeEliminated":1384.8138427734375,"totalPoints":0},{"riotIdGameName":"zokf","riotIdTagline":"zokf","placement":5,"timeEliminated":1958.914306640625,"totalPoints":0},{"riotIdGameName":"TC Lyss","riotIdTagline":"Tuki","placement":4,"timeEliminated":2024.18359375,"totalPoints":4},{"riotIdGameName":"Dantalian","riotIdTagline":"AD30","placement":7,"timeEliminated":1809.2763671875,"totalPoints":0},{"riotIdGameName":"AppleMeoMeo","riotIdTagline":"MANH7","placement":6,"timeEliminated":1863.277099609375,"totalPoints":0},{"riotIdGameName":"CheemssF","riotIdTagline":"1009","placement":1,"timeEliminated":2061.492431640625,"totalPoints":10},{"riotIdGameName":"Babiy1","riotIdTagline":"vn123","placement":3,"timeEliminated":2020.4285888671875,"totalPoints":6},{"riotIdGameName":"Thuận Rao","riotIdTagline":"VN5","placement":2,"timeEliminated":2061.492431640625,"totalPoints":8}]},{"matchId":"VN2_1139184473","endOfGameResult":"GameComplete","gameMode":"standard","participants":[{"riotIdGameName":"CheemssF","riotIdTagline":"1009","placement":7,"timeEliminated":1516.291748046875,"totalPoints":0},{"riotIdGameName":"Giang CON","riotIdTagline":"4568","placement":1,"timeEliminated":2110.343017578125,"totalPoints":10},{"riotIdGameName":"TFom","riotIdTagline":"0411","placement":6,"timeEliminated":1741.6768798828125,"totalPoints":0},{"riotIdGameName":"A Ộ i i","riotIdTagline":"0812","placement":3,"timeEliminated":2005.205078125,"totalPoints":6},{"riotIdGameName":"ºÑï Çô Lêñ ßärº","riotIdTagline":"vn2","placement":2,"timeEliminated":2110.343017578125,"totalPoints":8},{"riotIdGameName":"Pha lê Phê pha","riotIdTagline":"3330","placement":8,"timeEliminated":1175.5052490234375,"totalPoints":0},{"riotIdGameName":"ThầyHiệuTrưởng","riotIdTagline":"6789","placement":4,"timeEliminated":1980.712158203125,"totalPoints":4},{"riotIdGameName":"hake hieu","riotIdTagline":"vn2","placement":5,"timeEliminated":1744.330322265625,"totalPoints":0}]},{"matchId":"VN2_1139172746","endOfGameResult":"GameComplete","gameMode":"standard","participants":[{"riotIdGameName":"Và Ngày Nào Đó","riotIdTagline":"888","placement":6,"timeEliminated":1592.7509765625,"totalPoints":0},{"riotIdGameName":"BulBaSaur","riotIdTagline":"NTC","placement":3,"timeEliminated":1812.411865234375,"totalPoints":6},{"riotIdGameName":"Iu nhầm em Hương","riotIdTagline":"2701","placement":2,"timeEliminated":1869.40283203125,"totalPoints":8},{"riotIdGameName":"Iu Hải Yến","riotIdTagline":"0110","placement":5,"timeEliminated":1656.3046875,"totalPoints":0},{"riotIdGameName":"ĐìnhhTriệuu","riotIdTagline":"1510","placement":4,"timeEliminated":1721.8153076171875,"totalPoints":4},{"riotIdGameName":"Minh Mau Muc 216","riotIdTagline":"vn2","placement":7,"timeEliminated":1022.56591796875,"totalPoints":0},{"riotIdGameName":"Úp Bài Vào Lọc","riotIdTagline":"1221","placement":1,"timeEliminated":1869.40283203125,"totalPoints":10},{"riotIdGameName":"CheemssF","riotIdTagline":"1009","placement":8,"timeEliminated":602.072998046875,"totalPoints":0}]},{"matchId":"VN2_1139102023","endOfGameResult":"GameComplete","gameMode":"standard","participants":[{"riotIdGameName":"Em Giang Phê La","riotIdTagline":"8619","placement":4,"timeEliminated":1860.193359375,"totalPoints":4},{"riotIdGameName":"BàiXấuNhưQuỷ","riotIdTagline":"99999","placement":7,"timeEliminated":1623.5394287109375,"totalPoints":0},{"riotIdGameName":"hoplecc","riotIdTagline":"vn2","placement":8,"timeEliminated":1403.504638671875,"totalPoints":0},{"riotIdGameName":"CheemssF","riotIdTagline":"1009","placement":3,"timeEliminated":1905.1802978515625,"totalPoints":6},{"riotIdGameName":"Thành Nè kk","riotIdTagline":"2003","placement":5,"timeEliminated":1776.198486328125,"totalPoints":0},{"riotIdGameName":"hết nợ con về","riotIdTagline":"9180","placement":1,"timeEliminated":1959.8975830078125,"totalPoints":10},{"riotIdGameName":"Ân Lê","riotIdTagline":"LTA","placement":6,"timeEliminated":1728.533935546875,"totalPoints":0},{"riotIdGameName":"Funny Clownnnn","riotIdTagline":"vn2","placement":2,"timeEliminated":1959.8975830078125,"totalPoints":8}]},{"matchId":"VN2_1138580539","endOfGameResult":"GameComplete","gameMode":"standard","participants":[{"riotIdGameName":"ZenDuy","riotIdTagline":"vn2","placement":6,"timeEliminated":1702.1588134765625,"totalPoints":0},{"riotIdGameName":"HoạSĩNgườiÁo","riotIdTagline":"0510","placement":8,"timeEliminated":1609.5623779296875,"totalPoints":0},{"riotIdGameName":"Ánh Dương Xanh","riotIdTagline":"vn2","placement":7,"timeEliminated":1676.684814453125,"totalPoints":0},{"riotIdGameName":"Tề Tĩnh Xuân","riotIdTagline":"1708","placement":1,"timeEliminated":1966.6119384765625,"totalPoints":10},{"riotIdGameName":"CheemssF","riotIdTagline":"1009","placement":2,"timeEliminated":1964.15869140625,"totalPoints":8},{"riotIdGameName":"NVLinh77","riotIdTagline":"NTC","placement":3,"timeEliminated":1962.406494140625,"totalPoints":6},{"riotIdGameName":"PhamKhanhVy1312","riotIdTagline":"Gaoiu","placement":4,"timeEliminated":1894.4742431640625,"totalPoints":4},{"riotIdGameName":"Ăn Nói Bỗ Bã","riotIdTagline":"CaiDm","placement":5,"timeEliminated":1796.498291015625,"totalPoints":0}]},{"matchId":"VN2_1138536093","endOfGameResult":"GameComplete","gameMode":"standard","participants":[{"riotIdGameName":"MTruowng","riotIdTagline":"2005","placement":5,"timeEliminated":1810.6043701171875,"totalPoints":0},{"riotIdGameName":"Money Making","riotIdTagline":"1999","placement":4,"timeEliminated":1968.64306640625,"totalPoints":4},{"riotIdGameName":"CheemssF","riotIdTagline":"1009","placement":3,"timeEliminated":1981.1395263671875,"totalPoints":6},{"riotIdGameName":"T1 Faker","riotIdTagline":"27090","placement":2,"timeEliminated":2078.197509765625,"totalPoints":8},{"riotIdGameName":"NamMóm1080","riotIdTagline":"1080","placement":7,"timeEliminated":1632.9512939453125,"totalPoints":0},{"riotIdGameName":"Búnbo","riotIdTagline":"0201","placement":6,"timeEliminated":1713.28076171875,"totalPoints":0},{"riotIdGameName":"ThDragon","riotIdTagline":"Endo","placement":8,"timeEliminated":1413.68017578125,"totalPoints":0},{"riotIdGameName":"Nhotakhong","riotIdTagline":"vn2","placement":1,"timeEliminated":2078.197509765625,"totalPoints":10}]},{"matchId":"VN2_1137926841","endOfGameResult":"GameComplete","gameMode":"standard","participants":[{"riotIdGameName":"hieucuong505","riotIdTagline":"5162","placement":6,"timeEliminated":1640.0205078125,"totalPoints":0},{"riotIdGameName":"Thư Ký Nga","riotIdTagline":"77777","placement":7,"timeEliminated":1420.331298828125,"totalPoints":0},{"riotIdGameName":"NeiKos","riotIdTagline":"4967","placement":1,"timeEliminated":2304.151611328125,"totalPoints":10},{"riotIdGameName":"CheemssF","riotIdTagline":"1009","placement":5,"timeEliminated":1650.39404296875,"totalPoints":0},{"riotIdGameName":"Primrose","riotIdTagline":"vvt","placement":8,"timeEliminated":739.4742431640625,"totalPoints":0},{"riotIdGameName":"Bánh bao 2 trứng","riotIdTagline":"6653","placement":3,"timeEliminated":2145.9619140625,"totalPoints":6},{"riotIdGameName":"TTD4 Akai o0o","riotIdTagline":"6909","placement":2,"timeEliminated":2301.99853515625,"totalPoints":8},{"riotIdGameName":"PhuHuynhHocSinh","riotIdTagline":"3222","placement":4,"timeEliminated":1754.5447998046875,"totalPoints":4}]},{"matchId":"VN2_1137896908","endOfGameResult":"GameComplete","gameMode":"standard","participants":[{"riotIdGameName":"khaixinloi","riotIdTagline":"0000","placement":6,"timeEliminated":1569.876708984375,"totalPoints":0},{"riotIdGameName":"KayZed","riotIdTagline":"6065","placement":7,"timeEliminated":1504.168701171875,"totalPoints":0},{"riotIdGameName":"nguyên thành võ","riotIdTagline":"kubin","placement":3,"timeEliminated":2018.2154541015625,"totalPoints":6},{"riotIdGameName":"Farm đi tớ gánh","riotIdTagline":"lmht","placement":4,"timeEliminated":1892.5159912109375,"totalPoints":4},{"riotIdGameName":"CheemssF","riotIdTagline":"1009","placement":2,"timeEliminated":2123.87109375,"totalPoints":8},{"riotIdGameName":"CáChớtđúi","riotIdTagline":"123","placement":1,"timeEliminated":2123.87109375,"totalPoints":10},{"riotIdGameName":"Ăncơmvớibimbim","riotIdTagline":"0611","placement":8,"timeEliminated":1093.7779541015625,"totalPoints":0},{"riotIdGameName":"AnBui","riotIdTagline":"TAL","placement":5,"timeEliminated":1738.876953125,"totalPoints":0}]},{"matchId":"VN2_1140343123","endOfGameResult":"GameComplete","gameMode":"standard","participants":[{"riotIdGameName":"CôBéBánZâm","riotIdTagline":"chill","placement":8,"timeEliminated":615.1735229492188,"totalPoints":0},{"riotIdGameName":"G u n z","riotIdTagline":"VN90","placement":6,"timeEliminated":1686.2344970703125,"totalPoints":0},{"riotIdGameName":"hien anh91","riotIdTagline":"vn2","placement":2,"timeEliminated":2336.515380859375,"totalPoints":8},{"riotIdGameName":"RexZur1","riotIdTagline":"4131","placement":7,"timeEliminated":1406.532958984375,"totalPoints":0},{"riotIdGameName":"Thíchbàgiàvótu","riotIdTagline":"u100","placement":3,"timeEliminated":1865.329345703125,"totalPoints":6},{"riotIdGameName":"toimoiIsekai","riotIdTagline":"minhp","placement":5,"timeEliminated":1698.801513671875,"totalPoints":0},{"riotIdGameName":"yakuza 61","riotIdTagline":"VN2","placement":4,"timeEliminated":1856.0760498046875,"totalPoints":4},{"riotIdGameName":"BeBop","riotIdTagline":"2425","placement":1,"timeEliminated":2336.515380859375,"totalPoints":10}]},{"matchId":"VN2_1140307723","endOfGameResult":"GameComplete","gameMode":"standard","participants":[{"riotIdGameName":"DacMCS","riotIdTagline":"8688","placement":4,"timeEliminated":1908.2872314453125,"totalPoints":4},{"riotIdGameName":"TuấñThąo","riotIdTagline":"9999","placement":7,"timeEliminated":1724.4637451171875,"totalPoints":0},{"riotIdGameName":"Ahri đà phật","riotIdTagline":"ccc","placement":6,"timeEliminated":1801.7530517578125,"totalPoints":0},{"riotIdGameName":"Tứ Ca Tới Chơiii","riotIdTagline":"1412","placement":3,"timeEliminated":1955.2103271484375,"totalPoints":6},{"riotIdGameName":"vani","riotIdTagline":"6608","placement":2,"timeEliminated":1955.6109619140625,"totalPoints":8},{"riotIdGameName":"hien anh91","riotIdTagline":"vn2","placement":1,"timeEliminated":1955.6109619140625,"totalPoints":10},{"riotIdGameName":"ace14477","riotIdTagline":"vn2","placement":8,"timeEliminated":1570.7557373046875,"totalPoints":0},{"riotIdGameName":"Gloo","riotIdTagline":"6766","placement":5,"timeEliminated":1884.58544921875,"totalPoints":0}]},{"matchId":"VN2_1140169371","endOfGameResult":"GameComplete","gameMode":"standard","participants":[{"riotIdGameName":"RauXanh18","riotIdTagline":"Đại","placement":5,"timeEliminated":1791.353759765625,"totalPoints":0},{"riotIdGameName":"con chj de choi","riotIdTagline":"vn2","placement":8,"timeEliminated":1607.0234375,"totalPoints":0},{"riotIdGameName":"KayB17","riotIdTagline":"3383","placement":6,"timeEliminated":1784.3436279296875,"totalPoints":0},{"riotIdGameName":"nhà vua F1","riotIdTagline":"1227","placement":1,"timeEliminated":2198.296875,"totalPoints":10},{"riotIdGameName":"Childishness","riotIdTagline":"VNG","placement":2,"timeEliminated":2195.492919921875,"totalPoints":8},{"riotIdGameName":"hien anh91","riotIdTagline":"vn2","placement":7,"timeEliminated":1622.9710693359375,"totalPoints":0},{"riotIdGameName":"Trần Văn Quang","riotIdTagline":"3004","placement":3,"timeEliminated":1885.6617431640625,"totalPoints":6},{"riotIdGameName":"Lú Như Cú","riotIdTagline":"0501","placement":4,"timeEliminated":1891.7198486328125,"totalPoints":4}]},{"matchId":"VN2_1140144514","endOfGameResult":"GameComplete","gameMode":"standard","participants":[{"riotIdGameName":"Jang Hyuna","riotIdTagline":"uo6","placement":5,"timeEliminated":1756.1588134765625,"totalPoints":0},{"riotIdGameName":"NTDII","riotIdTagline":"vn2","placement":3,"timeEliminated":1761.2724609375,"totalPoints":6},{"riotIdGameName":"Quân Milô","riotIdTagline":"Son","placement":2,"timeEliminated":1761.2724609375,"totalPoints":8},{"riotIdGameName":"T1 QuangLinh","riotIdTagline":"린98","placement":6,"timeEliminated":1611.7958984375,"totalPoints":0},{"riotIdGameName":"pexsaygorn","riotIdTagline":"6969","placement":7,"timeEliminated":755.7363891601562,"totalPoints":0},{"riotIdGameName":"maychemhoangmai2","riotIdTagline":"ditt","placement":8,"timeEliminated":739.5572509765625,"totalPoints":0},{"riotIdGameName":"hien anh91","riotIdTagline":"vn2","placement":4,"timeEliminated":1761.222412109375,"totalPoints":4},{"riotIdGameName":"concuchàbá","riotIdTagline":"41754","placement":1,"timeEliminated":1762.67431640625,"totalPoints":10}]},{"matchId":"VN2_1140116165","endOfGameResult":"GameComplete","gameMode":"standard","participants":[{"riotIdGameName":"Tsnow","riotIdTagline":"jiway","placement":3,"timeEliminated":1869.9761962890625,"totalPoints":6},{"riotIdGameName":"Em Xi nghiện TFT","riotIdTagline":"05090","placement":2,"timeEliminated":2035.9710693359375,"totalPoints":8},{"riotIdGameName":"hien anh91","riotIdTagline":"vn2","placement":1,"timeEliminated":2035.9710693359375,"totalPoints":10},{"riotIdGameName":"Cơ Động nhí","riotIdTagline":"AnAn","placement":6,"timeEliminated":1632.5799560546875,"totalPoints":0},{"riotIdGameName":"The Forgotten","riotIdTagline":"2959","placement":8,"timeEliminated":1473.7667236328125,"totalPoints":0},{"riotIdGameName":"Lộn Bay Nền","riotIdTagline":"99999","placement":5,"timeEliminated":1800.70849609375,"totalPoints":0},{"riotIdGameName":"Fiat in luv","riotIdTagline":"0212","placement":7,"timeEliminated":1474.818115234375,"totalPoints":0},{"riotIdGameName":"vào đây 6688","riotIdTagline":"VN6","placement":4,"timeEliminated":1812.7755126953125,"totalPoints":4}]},{"matchId":"VN2_1140094263","endOfGameResult":"GameComplete","gameMode":"standard","participants":[{"riotIdGameName":"Hung","riotIdTagline":"5255","placement":1,"timeEliminated":2121.40185546875,"totalPoints":10},{"riotIdGameName":"nhà sư bay lắc","riotIdTagline":"3782","placement":4,"timeEliminated":1921.3790283203125,"totalPoints":4},{"riotIdGameName":"hien anh91","riotIdTagline":"vn2","placement":7,"timeEliminated":1415.786376953125,"totalPoints":0},{"riotIdGameName":"santop001","riotIdTagline":"LNRGB","placement":6,"timeEliminated":1652.0277099609375,"totalPoints":0},{"riotIdGameName":"PewPew","riotIdTagline":"9446","placement":2,"timeEliminated":2121.40185546875,"totalPoints":8},{"riotIdGameName":"Lightthan123","riotIdTagline":"vn2","placement":5,"timeEliminated":1757.7596435546875,"totalPoints":0},{"riotIdGameName":"Thắng Bẩn Thỉu","riotIdTagline":"2210","placement":3,"timeEliminated":2043.269287109375,"totalPoints":6},{"riotIdGameName":"DVH","riotIdTagline":"1502","placement":8,"timeEliminated":1345.2242431640625,"totalPoints":0}]},{"matchId":"VN2_1140055643","endOfGameResult":"GameComplete","gameMode":"standard","participants":[{"riotIdGameName":"ngoạilệ của cô","riotIdTagline":"PENGU","placement":2,"timeEliminated":2185.620849609375,"totalPoints":8},{"riotIdGameName":"Hoangdz05","riotIdTagline":"3456","placement":4,"timeEliminated":1723.9140625,"totalPoints":4},{"riotIdGameName":"HứaLậpQuốc","riotIdTagline":"9499","placement":3,"timeEliminated":1946.651611328125,"totalPoints":6},{"riotIdGameName":"TÔI LÀ NGƯỜI MÁY","riotIdTagline":"2912","placement":8,"timeEliminated":935.9375610351562,"totalPoints":0},{"riotIdGameName":"huynh","riotIdTagline":"1808","placement":7,"timeEliminated":1398.9254150390625,"totalPoints":0},{"riotIdGameName":"LiangChen","riotIdTagline":"3636","placement":6,"timeEliminated":1714.6019287109375,"totalPoints":0},{"riotIdGameName":"hào idol","riotIdTagline":"2002","placement":5,"timeEliminated":1719.958740234375,"totalPoints":0},{"riotIdGameName":"hien anh91","riotIdTagline":"vn2","placement":1,"timeEliminated":2185.620849609375,"totalPoints":10}]},{"matchId":"VN2_1140040821","endOfGameResult":"GameComplete","gameMode":"standard","participants":[{"riotIdGameName":"Yassuo","riotIdTagline":"4492","placement":1,"timeEliminated":1900.7249755859375,"totalPoints":10},{"riotIdGameName":"Em Bé Kẹo","riotIdTagline":"1994","placement":3,"timeEliminated":1833.9033203125,"totalPoints":6},{"riotIdGameName":"hien anh91","riotIdTagline":"vn2","placement":8,"timeEliminated":936.04443359375,"totalPoints":0},{"riotIdGameName":"adu 12","riotIdTagline":"VL2","placement":2,"timeEliminated":1900.7249755859375,"totalPoints":8},{"riotIdGameName":"piximander","riotIdTagline":"lucky","placement":6,"timeEliminated":1765.9307861328125,"totalPoints":0},{"riotIdGameName":"tuấn anh 98","riotIdTagline":"12345","placement":7,"timeEliminated":986.2579345703125,"totalPoints":0},{"riotIdGameName":"A Thập du hành","riotIdTagline":"201","placement":4,"timeEliminated":1765.6805419921875,"totalPoints":4},{"riotIdGameName":"Lọ Vương","riotIdTagline":"2611","placement":5,"timeEliminated":1762.0062255859375,"totalPoints":0}]},{"matchId":"VN2_1140011687","endOfGameResult":"GameComplete","gameMode":"standard","participants":[{"riotIdGameName":"Kuro","riotIdTagline":"NTNL","placement":4,"timeEliminated":1962.0670166015625,"totalPoints":4},{"riotIdGameName":"hien anh91","riotIdTagline":"vn2","placement":7,"timeEliminated":1631.5963134765625,"totalPoints":0},{"riotIdGameName":"adu 12","riotIdTagline":"VL2","placement":2,"timeEliminated":2134.49169921875,"totalPoints":8},{"riotIdGameName":"NQH","riotIdTagline":"AAX0","placement":5,"timeEliminated":1692.5223388671875,"totalPoints":0},{"riotIdGameName":"kiancut","riotIdTagline":"2684","placement":8,"timeEliminated":1466.2889404296875,"totalPoints":0},{"riotIdGameName":"Kayisgi","riotIdTagline":"Kibeo","placement":6,"timeEliminated":1690.0189208984375,"totalPoints":0},{"riotIdGameName":"KiCanhCut","riotIdTagline":"pengU","placement":1,"timeEliminated":2134.49169921875,"totalPoints":10},{"riotIdGameName":"Kibeolo","riotIdTagline":"Ki102","placement":3,"timeEliminated":2015.2191162109375,"totalPoints":6}]},{"matchId":"VN2_1139979664","endOfGameResult":"GameComplete","gameMode":"standard","participants":[{"riotIdGameName":"FCE Raviel","riotIdTagline":"Manci","placement":2,"timeEliminated":1996.011474609375,"totalPoints":8},{"riotIdGameName":"Top8ChặtCUu","riotIdTagline":"1997","placement":6,"timeEliminated":1667.3946533203125,"totalPoints":0},{"riotIdGameName":"Cunsne","riotIdTagline":"8367","placement":8,"timeEliminated":1518.9505615234375,"totalPoints":0},{"riotIdGameName":"테디 안 슬퍼","riotIdTagline":"0310","placement":1,"timeEliminated":1996.011474609375,"totalPoints":10},{"riotIdGameName":"hien anh91","riotIdTagline":"vn2","placement":5,"timeEliminated":1831.4693603515625,"totalPoints":0},{"riotIdGameName":"adu 12","riotIdTagline":"VL2","placement":4,"timeEliminated":1830.7684326171875,"totalPoints":4},{"riotIdGameName":"Qdũngg","riotIdTagline":"D2005","placement":3,"timeEliminated":1922.5506591796875,"totalPoints":6},{"riotIdGameName":"Vua 36","riotIdTagline":"aptx","placement":7,"timeEliminated":1593.2861328125,"totalPoints":0}]},{"matchId":"VN2_1139957575","endOfGameResult":"GameComplete","gameMode":"standard","participants":[{"riotIdGameName":"Yêu Dân Như Con","riotIdTagline":"Only","placement":6,"timeEliminated":1687.473876953125,"totalPoints":0},{"riotIdGameName":"EXÔ0000","riotIdTagline":"2499","placement":8,"timeEliminated":1466.865234375,"totalPoints":0},{"riotIdGameName":"Qdũngg","riotIdTagline":"D2005","placement":5,"timeEliminated":1742.0791015625,"totalPoints":0},{"riotIdGameName":"Vua 36","riotIdTagline":"aptx","placement":3,"timeEliminated":1828.0684814453125,"totalPoints":6},{"riotIdGameName":"hien anh91","riotIdTagline":"vn2","placement":7,"timeEliminated":1582.4765625,"totalPoints":0},{"riotIdGameName":"adu 12","riotIdTagline":"VL2","placement":1,"timeEliminated":1941.056396484375,"totalPoints":10},{"riotIdGameName":"D Asmodeus","riotIdTagline":"quyxg","placement":2,"timeEliminated":1938.002197265625,"totalPoints":8},{"riotIdGameName":"ChiYeuGirlPho","riotIdTagline":"8888","placement":4,"timeEliminated":1738.412109375,"totalPoints":4}]},{"matchId":"VN2_1139776015","endOfGameResult":"GameComplete","gameMode":"standard","participants":[{"riotIdGameName":"SpideyyyBoy","riotIdTagline":"0210","placement":1,"timeEliminated":2191.339111328125,"totalPoints":10},{"riotIdGameName":"kante","riotIdTagline":"datzz","placement":4,"timeEliminated":2095.000244140625,"totalPoints":4},{"riotIdGameName":"LàmĐĨ ĐấtBắcMỹ","riotIdTagline":"T1T1","placement":6,"timeEliminated":1641.3609619140625,"totalPoints":0},{"riotIdGameName":"xaolin33","riotIdTagline":"8670","placement":8,"timeEliminated":732.4381103515625,"totalPoints":0},{"riotIdGameName":"hien anh91","riotIdTagline":"vn2","placement":2,"timeEliminated":2190.23779296875,"totalPoints":8},{"riotIdGameName":"Sofnaa","riotIdTagline":"hmvt","placement":7,"timeEliminated":1565.2010498046875,"totalPoints":0},{"riotIdGameName":"1 tay thách đấu","riotIdTagline":"1997","placement":3,"timeEliminated":2189.236572265625,"totalPoints":6},{"riotIdGameName":"PxBuồn ĐờixP","riotIdTagline":"vn2","placement":5,"timeEliminated":2030.6829833984375,"totalPoints":0}]},{"matchId":"VN2_1139765338","endOfGameResult":"GameComplete","gameMode":"standard","participants":[{"riotIdGameName":"Quân chỉ Top 8","riotIdTagline":"2005","placement":1,"timeEliminated":2021.5634765625,"totalPoints":10},{"riotIdGameName":"akatsuki","riotIdTagline":"back","placement":6,"timeEliminated":1808.509521484375,"totalPoints":0},{"riotIdGameName":"tiến dũng","riotIdTagline":"7757","placement":5,"timeEliminated":1863.5101318359375,"totalPoints":0},{"riotIdGameName":"hien anh91","riotIdTagline":"vn2","placement":8,"timeEliminated":1580.9532470703125,"totalPoints":0},{"riotIdGameName":"Quan","riotIdTagline":"3703","placement":4,"timeEliminated":1968.9029541015625,"totalPoints":4},{"riotIdGameName":"Thương em mùa Lũ","riotIdTagline":"H1908","placement":3,"timeEliminated":2021.5634765625,"totalPoints":6},{"riotIdGameName":"Yunkie","riotIdTagline":"2004","placement":2,"timeEliminated":2013.2525634765625,"totalPoints":8},{"riotIdGameName":"Long Mộng Gà","riotIdTagline":"2406","placement":7,"timeEliminated":1707.9892578125,"totalPoints":0}]},{"matchId":"VN2_1139754240","endOfGameResult":"GameComplete","gameMode":"standard","participants":[{"riotIdGameName":"hien anh91","riotIdTagline":"vn2","placement":6,"timeEliminated":1561.0516357421875,"totalPoints":0},{"riotIdGameName":"Noel Coem","riotIdTagline":"baby","placement":7,"timeEliminated":1494.8536376953125,"totalPoints":0},{"riotIdGameName":"G1 Zero","riotIdTagline":"Zero","placement":1,"timeEliminated":1985.6900634765625,"totalPoints":10},{"riotIdGameName":"Kiên Fun","riotIdTagline":"0303","placement":5,"timeEliminated":1746.7066650390625,"totalPoints":0},{"riotIdGameName":"CáoTiênTiaChớp","riotIdTagline":"92930","placement":3,"timeEliminated":1927.640869140625,"totalPoints":6},{"riotIdGameName":"HP TỔNG BÍ THƯ","riotIdTagline":"HP24","placement":2,"timeEliminated":1983.236572265625,"totalPoints":8},{"riotIdGameName":"Huân Vu Nhất","riotIdTagline":"Ritsu","placement":8,"timeEliminated":1398.2548828125,"totalPoints":0},{"riotIdGameName":"Luc Minh28","riotIdTagline":"vn2","placement":4,"timeEliminated":1788.4052734375,"totalPoints":4}]},{"matchId":"VN2_1139737532","endOfGameResult":"GameComplete","gameMode":"standard","participants":[{"riotIdGameName":"KngThien","riotIdTagline":"Sibun","placement":8,"timeEliminated":1206.988037109375,"totalPoints":0},{"riotIdGameName":"hungcon225","riotIdTagline":"4521","placement":3,"timeEliminated":1977.224365234375,"totalPoints":6},{"riotIdGameName":"Lần Vui Vẻ","riotIdTagline":"dlta","placement":1,"timeEliminated":2168.867431640625,"totalPoints":10},{"riotIdGameName":"anhzajhpvn","riotIdTagline":"tung","placement":5,"timeEliminated":1812.7791748046875,"totalPoints":0},{"riotIdGameName":"bạn biết gì chưa","riotIdTagline":"7749","placement":4,"timeEliminated":1912.3426513671875,"totalPoints":4},{"riotIdGameName":"hien anh91","riotIdTagline":"vn2","placement":6,"timeEliminated":1658.6480712890625,"totalPoints":0},{"riotIdGameName":"JQKA","riotIdTagline":"3107","placement":7,"timeEliminated":1643.478271484375,"totalPoints":0},{"riotIdGameName":"Draco","riotIdTagline":"2008N","placement":2,"timeEliminated":2164.4619140625,"totalPoints":8}]},{"matchId":"VN2_1139715591","endOfGameResult":"GameComplete","gameMode":"standard","participants":[{"riotIdGameName":"AnhDaĐen","riotIdTagline":"01109","placement":4,"timeEliminated":1786.5396728515625,"totalPoints":4},{"riotIdGameName":"AkaTQK","riotIdTagline":"AkaTQ","placement":5,"timeEliminated":1726.0098876953125,"totalPoints":0},{"riotIdGameName":"Chơi Nhầm Vợ Bạn","riotIdTagline":"56789","placement":3,"timeEliminated":1928.8973388671875,"totalPoints":6},{"riotIdGameName":"Channneee","riotIdTagline":"0710","placement":7,"timeEliminated":1559.04736328125,"totalPoints":0},{"riotIdGameName":"hien anh91","riotIdTagline":"vn2","placement":2,"timeEliminated":2129.058349609375,"totalPoints":8},{"riotIdGameName":"No Love No Life","riotIdTagline":"0710","placement":1,"timeEliminated":2129.40869140625,"totalPoints":10},{"riotIdGameName":"Tà Ma","riotIdTagline":"BK1","placement":8,"timeEliminated":604.0704956054688,"totalPoints":0},{"riotIdGameName":"Định Lý Pitago","riotIdTagline":"4480","placement":6,"timeEliminated":1624.3409423828125,"totalPoints":0}]},{"matchId":"VN2_1139694406","endOfGameResult":"GameComplete","gameMode":"standard","participants":[{"riotIdGameName":"hien anh91","riotIdTagline":"vn2","placement":3,"timeEliminated":1788.798828125,"totalPoints":6},{"riotIdGameName":"Lực Tuyên Quang","riotIdTagline":"vn2","placement":1,"timeEliminated":2303.337646484375,"totalPoints":10},{"riotIdGameName":"Baobanquyen","riotIdTagline":"Bao03","placement":6,"timeEliminated":1541.125,"totalPoints":0},{"riotIdGameName":"Kano","riotIdTagline":"LD49","placement":7,"timeEliminated":682.4443359375,"totalPoints":0},{"riotIdGameName":"Un niño","riotIdTagline":"hp257","placement":8,"timeEliminated":654.5725708007812,"totalPoints":0},{"riotIdGameName":"whotop","riotIdTagline":"1707","placement":5,"timeEliminated":1610.9349365234375,"totalPoints":0},{"riotIdGameName":"ffjhffr","riotIdTagline":"5786","placement":2,"timeEliminated":2303.337646484375,"totalPoints":8},{"riotIdGameName":"Sep 22nd","riotIdTagline":"vn2","placement":4,"timeEliminated":1781.7896728515625,"totalPoints":4}]},{"matchId":"VN2_1139671244","endOfGameResult":"GameComplete","gameMode":"standard","participants":[{"riotIdGameName":"BaoFen","riotIdTagline":"vn2","placement":3,"timeEliminated":1992.6160888671875,"totalPoints":6},{"riotIdGameName":"wake up dog","riotIdTagline":"loi2","placement":2,"timeEliminated":2025.80322265625,"totalPoints":8},{"riotIdGameName":"Tỏi Mặt Sắttt","riotIdTagline":"21129","placement":7,"timeEliminated":1723.8516845703125,"totalPoints":0},{"riotIdGameName":"duongdzgg","riotIdTagline":"dgggg","placement":6,"timeEliminated":1826.6483154296875,"totalPoints":0},{"riotIdGameName":"Nện Giữa Mồm","riotIdTagline":"VIP","placement":5,"timeEliminated":1895.68408203125,"totalPoints":0},{"riotIdGameName":"qhnisdabest","riotIdTagline":"9804","placement":4,"timeEliminated":1889.523681640625,"totalPoints":4},{"riotIdGameName":"hien anh91","riotIdTagline":"vn2","placement":8,"timeEliminated":1439.2508544921875,"totalPoints":0},{"riotIdGameName":"adu 12","riotIdTagline":"VL2","placement":1,"timeEliminated":2025.80322265625,"totalPoints":10}]},{"matchId":"VN2_1139635068","endOfGameResult":"GameComplete","gameMode":"standard","participants":[{"riotIdGameName":"Cải cục cưng","riotIdTagline":"7850","placement":1,"timeEliminated":1968.31884765625,"totalPoints":10},{"riotIdGameName":"Nguyễn Thành Đạt","riotIdTagline":"9999","placement":8,"timeEliminated":1248.2958984375,"totalPoints":0},{"riotIdGameName":"hien anh91","riotIdTagline":"vn2","placement":3,"timeEliminated":1957.185302734375,"totalPoints":6},{"riotIdGameName":"adu 12","riotIdTagline":"VL2","placement":2,"timeEliminated":1968.31884765625,"totalPoints":8},{"riotIdGameName":"ur moonlight","riotIdTagline":"0908","placement":6,"timeEliminated":1807.2972412109375,"totalPoints":0},{"riotIdGameName":"wodeyinghua","riotIdTagline":"vn2","placement":4,"timeEliminated":1898.33349609375,"totalPoints":4},{"riotIdGameName":"Trường Sơn","riotIdTagline":"0112","placement":7,"timeEliminated":1743.032470703125,"totalPoints":0},{"riotIdGameName":"PT Đời Hư Ảo","riotIdTagline":"1998","placement":5,"timeEliminated":1893.6875,"totalPoints":0}]},{"matchId":"VN2_1139593574","endOfGameResult":"GameComplete","gameMode":"standard","participants":[{"riotIdGameName":"Anh Những","riotIdTagline":"19962","placement":7,"timeEliminated":1672.97314453125,"totalPoints":0},{"riotIdGameName":"hien anh91","riotIdTagline":"vn2","placement":3,"timeEliminated":1863.967529296875,"totalPoints":6},{"riotIdGameName":"adu 12","riotIdTagline":"VL2","placement":8,"timeEliminated":1619.6077880859375,"totalPoints":0},{"riotIdGameName":"đ top 2","riotIdTagline":"3618","placement":2,"timeEliminated":1871.5277099609375,"totalPoints":8},{"riotIdGameName":"LinhQB","riotIdTagline":"vn2","placement":5,"timeEliminated":1793.2794189453125,"totalPoints":0},{"riotIdGameName":"da den ko duong","riotIdTagline":"1910","placement":4,"timeEliminated":1848.5018310546875,"totalPoints":4},{"riotIdGameName":"KHToska","riotIdTagline":"6328","placement":6,"timeEliminated":1684.4884033203125,"totalPoints":0},{"riotIdGameName":"Willhame","riotIdTagline":"2110","placement":1,"timeEliminated":1871.5277099609375,"totalPoints":10}]},{"matchId":"VN2_1139546317","endOfGameResult":"GameComplete","gameMode":"standard","participants":[{"riotIdGameName":"Ăn Ba Tô Cơm","riotIdTagline":"1016","placement":8,"timeEliminated":1512.474853515625,"totalPoints":0},{"riotIdGameName":"1cuoc","riotIdTagline":"777","placement":5,"timeEliminated":1816.590576171875,"totalPoints":0},{"riotIdGameName":"Clara","riotIdTagline":"TÚADS","placement":3,"timeEliminated":1984.806396484375,"totalPoints":6},{"riotIdGameName":"Gấu Đẫm Máu","riotIdTagline":"vn2","placement":7,"timeEliminated":1642.278076171875,"totalPoints":0},{"riotIdGameName":"hien anh91","riotIdTagline":"vn2","placement":2,"timeEliminated":2149.56005859375,"totalPoints":8},{"riotIdGameName":"StrongDAlong","riotIdTagline":"vn2","placement":6,"timeEliminated":1754.289794921875,"totalPoints":0},{"riotIdGameName":"BonCheesy","riotIdTagline":"vn2","placement":1,"timeEliminated":2149.56005859375,"totalPoints":10},{"riotIdGameName":"đen hơn chó mực","riotIdTagline":"1991","placement":4,"timeEliminated":1978.3773193359375,"totalPoints":4}]},{"matchId":"VN2_1139498776","endOfGameResult":"GameComplete","gameMode":"standard","participants":[{"riotIdGameName":"3 gà","riotIdTagline":"3105","placement":1,"timeEliminated":1985.8509521484375,"totalPoints":10},{"riotIdGameName":"Oculus Alucard","riotIdTagline":"00213","placement":6,"timeEliminated":1742.6947021484375,"totalPoints":0},{"riotIdGameName":"72Enryu","riotIdTagline":"15995","placement":5,"timeEliminated":1830.5255126953125,"totalPoints":0},{"riotIdGameName":"ok miss u","riotIdTagline":"missu","placement":7,"timeEliminated":1665.1365966796875,"totalPoints":0},{"riotIdGameName":"Darkyyyy","riotIdTagline":"1234","placement":2,"timeEliminated":1985.8509521484375,"totalPoints":8},{"riotIdGameName":"hien anh91","riotIdTagline":"vn2","placement":3,"timeEliminated":1897.4783935546875,"totalPoints":6},{"riotIdGameName":"adu 12","riotIdTagline":"VL2","placement":8,"timeEliminated":774.0584716796875,"totalPoints":0},{"riotIdGameName":"TommyShelbyy","riotIdTagline":"0408","placement":4,"timeEliminated":1838.3680419921875,"totalPoints":4}]},{"matchId":"VN2_1139409553","endOfGameResult":"GameComplete","gameMode":"standard","participants":[{"riotIdGameName":"hien anh91","riotIdTagline":"vn2","placement":2,"timeEliminated":1950.1771240234375,"totalPoints":8},{"riotIdGameName":"adu 12","riotIdTagline":"VL2","placement":1,"timeEliminated":1950.1771240234375,"totalPoints":10},{"riotIdGameName":"HeroOla","riotIdTagline":"vn2","placement":7,"timeEliminated":1562.7376708984375,"totalPoints":0},{"riotIdGameName":"Trái tim mập mờ","riotIdTagline":"dtrai","placement":8,"timeEliminated":1285.625244140625,"totalPoints":0},{"riotIdGameName":"Kết Bạn Với Tao","riotIdTagline":"01027","placement":5,"timeEliminated":1717.2662353515625,"totalPoints":0},{"riotIdGameName":"SuýtNữaĐẹpTrai","riotIdTagline":"4250","placement":6,"timeEliminated":1666.813720703125,"totalPoints":0},{"riotIdGameName":"Sinon","riotIdTagline":"5915","placement":4,"timeEliminated":1814.0091552734375,"totalPoints":4},{"riotIdGameName":"boy hướng nộiii","riotIdTagline":"vn2","placement":3,"timeEliminated":1907.212890625,"totalPoints":6}]},{"matchId":"VN2_1139369885","endOfGameResult":"GameComplete","gameMode":"standard","participants":[{"riotIdGameName":"MrTomMy93","riotIdTagline":"123","placement":1,"timeEliminated":1960.0931396484375,"totalPoints":10},{"riotIdGameName":"cuty0112","riotIdTagline":"hâh","placement":2,"timeEliminated":1958.691162109375,"totalPoints":8},{"riotIdGameName":"Pikachu Tới Chơi","riotIdTagline":"1702","placement":5,"timeEliminated":1793.947998046875,"totalPoints":0},{"riotIdGameName":"Kaym","riotIdTagline":"5171","placement":8,"timeEliminated":1629.50390625,"totalPoints":0},{"riotIdGameName":"hien anh91","riotIdTagline":"vn2","placement":3,"timeEliminated":1953.3839111328125,"totalPoints":6},{"riotIdGameName":"adu 12","riotIdTagline":"VL2","placement":4,"timeEliminated":1890.295654296875,"totalPoints":4},{"riotIdGameName":"NaniZ","riotIdTagline":"Nani","placement":7,"timeEliminated":1731.6326904296875,"totalPoints":0},{"riotIdGameName":"Lucifer","riotIdTagline":"W000","placement":6,"timeEliminated":1738.311767578125,"totalPoints":0}]},{"matchId":"VN2_1139337585","endOfGameResult":"GameComplete","gameMode":"standard","participants":[{"riotIdGameName":"trâm anh","riotIdTagline":"123","placement":3,"timeEliminated":2100.14599609375,"totalPoints":6},{"riotIdGameName":"Tôi Chịu","riotIdTagline":"hotel","placement":8,"timeEliminated":726.3052978515625,"totalPoints":0},{"riotIdGameName":"CÁ SẤU CUTI","riotIdTagline":"one","placement":1,"timeEliminated":2171.11962890625,"totalPoints":10},{"riotIdGameName":"Tiến Khoa Học DZ","riotIdTagline":"tdzvl","placement":5,"timeEliminated":1710.8785400390625,"totalPoints":0},{"riotIdGameName":"инậтнàσ","riotIdTagline":"hao","placement":7,"timeEliminated":1411.0546875,"totalPoints":0},{"riotIdGameName":"ThờiHận","riotIdTagline":"5226","placement":4,"timeEliminated":1970.67431640625,"totalPoints":4},{"riotIdGameName":"B1ack Knight","riotIdTagline":"vn2","placement":6,"timeEliminated":1705.7215576171875,"totalPoints":0},{"riotIdGameName":"hien anh91","riotIdTagline":"vn2","placement":2,"timeEliminated":2169.717529296875,"totalPoints":8}]},{"matchId":"VN2_1138693660","endOfGameResult":"GameComplete","gameMode":"standard","participants":[{"riotIdGameName":"Linhzethuong","riotIdTagline":"VN01","placement":2,"timeEliminated":2020.6126708984375,"totalPoints":8},{"riotIdGameName":"griffithfl1","riotIdTagline":"maZ","placement":5,"timeEliminated":1902.8436279296875,"totalPoints":0},{"riotIdGameName":"KRISLOH","riotIdTagline":"NanĐô","placement":8,"timeEliminated":1594.2376708984375,"totalPoints":0},{"riotIdGameName":"CóTrìnhKhông","riotIdTagline":"20898","placement":6,"timeEliminated":1758.3675537109375,"totalPoints":0},{"riotIdGameName":"Kit Kat","riotIdTagline":"Diva","placement":4,"timeEliminated":1913.3123779296875,"totalPoints":4},{"riotIdGameName":"Bbyangl","riotIdTagline":"3636","placement":3,"timeEliminated":1973.2967529296875,"totalPoints":6},{"riotIdGameName":"Ân TFT","riotIdTagline":"2672","placement":1,"timeEliminated":2020.6126708984375,"totalPoints":10},{"riotIdGameName":"hien anh91","riotIdTagline":"vn2","placement":7,"timeEliminated":1658.762939453125,"totalPoints":0}]},{"matchId":"VN2_1138668206","endOfGameResult":"GameComplete","gameMode":"standard","participants":[{"riotIdGameName":"OSCAR","riotIdTagline":"02622","placement":8,"timeEliminated":1672.5103759765625,"totalPoints":0},{"riotIdGameName":"Loading01","riotIdTagline":"6666","placement":2,"timeEliminated":2187.6025390625,"totalPoints":8},{"riotIdGameName":"Chim Chích Bông","riotIdTagline":"HHHD","placement":4,"timeEliminated":2108.520263671875,"totalPoints":4},{"riotIdGameName":"snakekillertn","riotIdTagline":"1234","placement":6,"timeEliminated":1816.5289306640625,"totalPoints":0},{"riotIdGameName":"hien anh91","riotIdTagline":"vn2","placement":7,"timeEliminated":1800.7081298828125,"totalPoints":0},{"riotIdGameName":"jangcute2001","riotIdTagline":"2001","placement":1,"timeEliminated":2187.6025390625,"totalPoints":10},{"riotIdGameName":"Thuần Var","riotIdTagline":"1836","placement":3,"timeEliminated":2119.334716796875,"totalPoints":6},{"riotIdGameName":"Khoaitay2508","riotIdTagline":"2023","placement":5,"timeEliminated":1919.972900390625,"totalPoints":0}]},{"matchId":"VN2_1138631890","endOfGameResult":"GameComplete","gameMode":"standard","participants":[{"riotIdGameName":"hien anh91","riotIdTagline":"vn2","placement":6,"timeEliminated":1606.523681640625,"totalPoints":0},{"riotIdGameName":"duypham2627","riotIdTagline":"duy26","placement":7,"timeEliminated":1527.9329833984375,"totalPoints":0},{"riotIdGameName":"duongnolove","riotIdTagline":"2409","placement":2,"timeEliminated":2363.91943359375,"totalPoints":8},{"riotIdGameName":"x1o1x","riotIdTagline":"0303","placement":1,"timeEliminated":2363.91943359375,"totalPoints":10},{"riotIdGameName":"Avocado","riotIdTagline":"Datle","placement":4,"timeEliminated":2023.49560546875,"totalPoints":4},{"riotIdGameName":"doanh97","riotIdTagline":"doanh","placement":8,"timeEliminated":1076.2752685546875,"totalPoints":0},{"riotIdGameName":"Runnow","riotIdTagline":"RUN","placement":5,"timeEliminated":1796.2984619140625,"totalPoints":0},{"riotIdGameName":"Khanh","riotIdTagline":"Kn1","placement":3,"timeEliminated":2190.2509765625,"totalPoints":6}]},{"matchId":"VN2_1138597852","endOfGameResult":"GameComplete","gameMode":"standard","participants":[{"riotIdGameName":"Havivia","riotIdTagline":"6807","placement":5,"timeEliminated":1838.8909912109375,"totalPoints":0},{"riotIdGameName":"theanhdeptrai","riotIdTagline":"3333","placement":4,"timeEliminated":1945.8636474609375,"totalPoints":4},{"riotIdGameName":"Đại Link","riotIdTagline":"tung","placement":2,"timeEliminated":2211.369384765625,"totalPoints":8},{"riotIdGameName":"Bé Heo","riotIdTagline":"1999","placement":8,"timeEliminated":1533.3460693359375,"totalPoints":0},{"riotIdGameName":"S I N G E D","riotIdTagline":"9487","placement":3,"timeEliminated":1999.4239501953125,"totalPoints":6},{"riotIdGameName":"TFT Cua Bò Ngang","riotIdTagline":"7565","placement":7,"timeEliminated":1598.823974609375,"totalPoints":0},{"riotIdGameName":"nắc ghê của beta","riotIdTagline":"vn22","placement":1,"timeEliminated":2215.27734375,"totalPoints":10},{"riotIdGameName":"hien anh91","riotIdTagline":"vn2","placement":6,"timeEliminated":1841.7947998046875,"totalPoints":0}]},{"matchId":"VN2_1138548370","endOfGameResult":"GameComplete","gameMode":"standard","participants":[{"riotIdGameName":"hien anh91","riotIdTagline":"vn2","placement":2,"timeEliminated":2340.68408203125,"totalPoints":8},{"riotIdGameName":"bìnhbulon","riotIdTagline":"0705","placement":4,"timeEliminated":2068.951171875,"totalPoints":4},{"riotIdGameName":"Tommy8888","riotIdTagline":"8888","placement":7,"timeEliminated":1616.0484619140625,"totalPoints":0},{"riotIdGameName":"Iwtanio","riotIdTagline":"258","placement":3,"timeEliminated":2139.546875,"totalPoints":6},{"riotIdGameName":"mling1m55","riotIdTagline":"8643","placement":5,"timeEliminated":1914.784912109375,"totalPoints":0},{"riotIdGameName":"Tuấn","riotIdTagline":"JQ20","placement":1,"timeEliminated":2343.8896484375,"totalPoints":10},{"riotIdGameName":"NamNũngNĩnhhhh","riotIdTagline":"nam","placement":6,"timeEliminated":1601.178955078125,"totalPoints":0},{"riotIdGameName":"kamezoko","riotIdTagline":"123","placement":8,"timeEliminated":1036.1322021484375,"totalPoints":0}]},{"matchId":"VN2_1138500451","endOfGameResult":"GameComplete","gameMode":"standard","participants":[{"riotIdGameName":"Chocopie","riotIdTagline":"1512","placement":8,"timeEliminated":1193.0091552734375,"totalPoints":0},{"riotIdGameName":"hien anh91","riotIdTagline":"vn2","placement":3,"timeEliminated":2013.9805908203125,"totalPoints":6},{"riotIdGameName":"Mad bear","riotIdTagline":"vn2","placement":5,"timeEliminated":1692.353271484375,"totalPoints":0},{"riotIdGameName":"mèo cháy nắng","riotIdTagline":"61058","placement":2,"timeEliminated":2150.2392578125,"totalPoints":8},{"riotIdGameName":"Zweihander","riotIdTagline":"6959","placement":6,"timeEliminated":1682.4403076171875,"totalPoints":0},{"riotIdGameName":"한 극 1993","riotIdTagline":"Dương","placement":4,"timeEliminated":1866.210693359375,"totalPoints":4},{"riotIdGameName":"SangCoi2990","riotIdTagline":"vn2","placement":7,"timeEliminated":1688.5482177734375,"totalPoints":0},{"riotIdGameName":"Quyết Nè","riotIdTagline":"1912","placement":1,"timeEliminated":2150.2392578125,"totalPoints":10}]},{"matchId":"VN2_1138456046","endOfGameResult":"GameComplete","gameMode":"standard","participants":[{"riotIdGameName":"Vua Trò Chơi VN","riotIdTagline":"vn2","placement":7,"timeEliminated":1580.2078857421875,"totalPoints":0},{"riotIdGameName":"awssa","riotIdTagline":"34204","placement":4,"timeEliminated":1750.53466796875,"totalPoints":4},{"riotIdGameName":"NYC Của Cô Ấy","riotIdTagline":"3623","placement":1,"timeEliminated":1963.1876220703125,"totalPoints":10},{"riotIdGameName":"NgoạiLệCủaCôẤy","riotIdTagline":"6883","placement":6,"timeEliminated":1680.5250244140625,"totalPoints":0},{"riotIdGameName":"AnhThắng","riotIdTagline":"8473","placement":8,"timeEliminated":1520.17578125,"totalPoints":0},{"riotIdGameName":"Olympus777","riotIdTagline":"vn2","placement":3,"timeEliminated":1958.931640625,"totalPoints":6},{"riotIdGameName":"hien anh91","riotIdTagline":"vn2","placement":2,"timeEliminated":1961.835693359375,"totalPoints":8},{"riotIdGameName":"ScratchHextech","riotIdTagline":"76211","placement":5,"timeEliminated":1679.17333984375,"totalPoints":0}]},{"matchId":"VN2_1138415645","endOfGameResult":"GameComplete","gameMode":"standard","participants":[{"riotIdGameName":"hien anh91","riotIdTagline":"vn2","placement":6,"timeEliminated":1573.5869140625,"totalPoints":0},{"riotIdGameName":"Cest la vie","riotIdTagline":"0405","placement":3,"timeEliminated":1812.7117919921875,"totalPoints":6},{"riotIdGameName":"3ZxKeenxZ3","riotIdTagline":"vn2","placement":4,"timeEliminated":1748.92041015625,"totalPoints":4},{"riotIdGameName":"thuonghien","riotIdTagline":"vn2","placement":1,"timeEliminated":1975.9783935546875,"totalPoints":10},{"riotIdGameName":"Chinsuuuu","riotIdTagline":"1612","placement":7,"timeEliminated":1136.8370361328125,"totalPoints":0},{"riotIdGameName":"Zunni","riotIdTagline":"ltd28","placement":8,"timeEliminated":1105.4298095703125,"totalPoints":0},{"riotIdGameName":"Nhi Hoang","riotIdTagline":"5036","placement":2,"timeEliminated":1975.9783935546875,"totalPoints":8},{"riotIdGameName":"Minnn","riotIdTagline":"1999","placement":5,"timeEliminated":1576.0902099609375,"totalPoints":0}]},{"matchId":"VN2_1138374888","endOfGameResult":"GameComplete","gameMode":"standard","participants":[{"riotIdGameName":"Tsa Bomba","riotIdTagline":"88888","placement":7,"timeEliminated":1478.16650390625,"totalPoints":0},{"riotIdGameName":"ShorkĐào","riotIdTagline":"84424","placement":4,"timeEliminated":1762.373291015625,"totalPoints":4},{"riotIdGameName":"hoailee296","riotIdTagline":"29601","placement":5,"timeEliminated":1699.8599853515625,"totalPoints":0},{"riotIdGameName":"Khôi","riotIdTagline":"12346","placement":8,"timeEliminated":1471.45751953125,"totalPoints":0},{"riotIdGameName":"BunBun xứrau má","riotIdTagline":"79371","placement":2,"timeEliminated":1982.7047119140625,"totalPoints":8},{"riotIdGameName":"Huy Vũ","riotIdTagline":"0510","placement":3,"timeEliminated":1853.8193359375,"totalPoints":6},{"riotIdGameName":"hien anh91","riotIdTagline":"vn2","placement":1,"timeEliminated":1982.7047119140625,"totalPoints":10},{"riotIdGameName":"Cát Bú Lồn","riotIdTagline":"1212","placement":6,"timeEliminated":1698.307861328125,"totalPoints":0}]},{"matchId":"VN2_1138345595","endOfGameResult":"GameComplete","gameMode":"standard","participants":[{"riotIdGameName":"datemhp","riotIdTagline":"12345","placement":8,"timeEliminated":1587.7073974609375,"totalPoints":0},{"riotIdGameName":"Bố Mạnh Đạt","riotIdTagline":"vn2","placement":2,"timeEliminated":2040.762451171875,"totalPoints":8},{"riotIdGameName":"Vinh","riotIdTagline":"Live","placement":4,"timeEliminated":1816.8743896484375,"totalPoints":4},{"riotIdGameName":"Ng Phương Ly","riotIdTagline":"1510","placement":5,"timeEliminated":1758.1610107421875,"totalPoints":0},{"riotIdGameName":"hien anh91","riotIdTagline":"vn2","placement":7,"timeEliminated":1659.240478515625,"totalPoints":0},{"riotIdGameName":"zz3lakzz","riotIdTagline":"30756","placement":6,"timeEliminated":1651.9306640625,"totalPoints":0},{"riotIdGameName":"Đổi Tên Lâu Rồi","riotIdTagline":"195","placement":3,"timeEliminated":1985.0513916015625,"totalPoints":6},{"riotIdGameName":"khoikhanh7d","riotIdTagline":"vn2","placement":1,"timeEliminated":2040.762451171875,"totalPoints":10}]},{"matchId":"VN2_1138322877","endOfGameResult":"GameComplete","gameMode":"standard","participants":[{"riotIdGameName":"Em Nè Anh","riotIdTagline":"08112","placement":2,"timeEliminated":2071.29248046875,"totalPoints":8},{"riotIdGameName":"hien anh91","riotIdTagline":"vn2","placement":8,"timeEliminated":1302.1373291015625,"totalPoints":0},{"riotIdGameName":"HiepSU","riotIdTagline":"vn2","placement":1,"timeEliminated":2072.644287109375,"totalPoints":10},{"riotIdGameName":"KAISAR90","riotIdTagline":"3824","placement":7,"timeEliminated":1531.165771484375,"totalPoints":0},{"riotIdGameName":"Becc123","riotIdTagline":"bec","placement":5,"timeEliminated":1909.4700927734375,"totalPoints":0},{"riotIdGameName":"BảoBéBỏng","riotIdTagline":"2024","placement":3,"timeEliminated":1977.4925537109375,"totalPoints":6},{"riotIdGameName":"TOMMBEO","riotIdTagline":"0312","placement":6,"timeEliminated":1750.24169921875,"totalPoints":0},{"riotIdGameName":"Libra","riotIdTagline":"1210","placement":4,"timeEliminated":1913.1248779296875,"totalPoints":4}]},{"matchId":"VN2_1138296401","endOfGameResult":"GameComplete","gameMode":"standard","participants":[{"riotIdGameName":"KAISAR90","riotIdTagline":"3824","placement":4,"timeEliminated":1973.6668701171875,"totalPoints":4},{"riotIdGameName":"ADC Kid","riotIdTagline":"vn2","placement":1,"timeEliminated":2216.98291015625,"totalPoints":10},{"riotIdGameName":"Trần Thắng 27A","riotIdTagline":"Thang","placement":5,"timeEliminated":1866.70556640625,"totalPoints":0},{"riotIdGameName":"Cường 1190","riotIdTagline":"1665","placement":8,"timeEliminated":1566.26611328125,"totalPoints":0},{"riotIdGameName":"wan wim","riotIdTagline":"vn2","placement":2,"timeEliminated":2216.98291015625,"totalPoints":8},{"riotIdGameName":"hien anh91","riotIdTagline":"vn2","placement":3,"timeEliminated":1981.6221923828125,"totalPoints":6},{"riotIdGameName":"Êu Ơi Bạn Khôn","riotIdTagline":"5959","placement":7,"timeEliminated":1805.15283203125,"totalPoints":0},{"riotIdGameName":"KuaBom","riotIdTagline":"super","placement":6,"timeEliminated":1806.0076904296875,"totalPoints":0}]},{"matchId":"VN2_1138273262","endOfGameResult":"GameComplete","gameMode":"standard","participants":[{"riotIdGameName":"tempggheofmqrvlv","riotIdTagline":"vn2","placement":6,"timeEliminated":1677.24560546875,"totalPoints":0},{"riotIdGameName":"81tda18","riotIdTagline":"vn2","placement":3,"timeEliminated":1942.597900390625,"totalPoints":6},{"riotIdGameName":"singerlike9x","riotIdTagline":"vn2","placement":7,"timeEliminated":1595.077880859375,"totalPoints":0},{"riotIdGameName":"hien anh91","riotIdTagline":"vn2","placement":5,"timeEliminated":1789.29345703125,"totalPoints":0},{"riotIdGameName":"timmongmo","riotIdTagline":"vng","placement":4,"timeEliminated":1849.7578125,"totalPoints":4},{"riotIdGameName":"CáiGiáPhảiTrả益","riotIdTagline":"Noxus","placement":2,"timeEliminated":2069.601806640625,"totalPoints":8},{"riotIdGameName":"Hoàng hiệp","riotIdTagline":"ORZO4","placement":8,"timeEliminated":1203.693115234375,"totalPoints":0},{"riotIdGameName":"Quang1102","riotIdTagline":"30108","placement":1,"timeEliminated":2069.601806640625,"totalPoints":10}]},{"matchId":"VN2_1138241633","endOfGameResult":"GameComplete","gameMode":"standard","participants":[{"riotIdGameName":"BigMouths","riotIdTagline":"109","placement":2,"timeEliminated":2127.243408203125,"totalPoints":8},{"riotIdGameName":"hien anh91","riotIdTagline":"vn2","placement":1,"timeEliminated":2127.243408203125,"totalPoints":10},{"riotIdGameName":"Hungly0703","riotIdTagline":"Myanh","placement":3,"timeEliminated":2047.4774169921875,"totalPoints":6},{"riotIdGameName":"ReD","riotIdTagline":"P01","placement":5,"timeEliminated":1813.5728759765625,"totalPoints":0},{"riotIdGameName":"VinaMeow","riotIdTagline":"1021","placement":6,"timeEliminated":1658.5521240234375,"totalPoints":0},{"riotIdGameName":"LinLenng","riotIdTagline":"HD34","placement":8,"timeEliminated":1585.3466796875,"totalPoints":0},{"riotIdGameName":"Thộn Săn Lờ","riotIdTagline":"2505","placement":4,"timeEliminated":1971.861328125,"totalPoints":4},{"riotIdGameName":"phongbim","riotIdTagline":"88888","placement":7,"timeEliminated":1592.8065185546875,"totalPoints":0}]},{"matchId":"VN2_1138214947","endOfGameResult":"GameComplete","gameMode":"standard","participants":[{"riotIdGameName":"EvilKing12","riotIdTagline":"vn2","placement":3,"timeEliminated":1969.158935546875,"totalPoints":6},{"riotIdGameName":"yami","riotIdTagline":"1133","placement":6,"timeEliminated":1593.9761962890625,"totalPoints":0},{"riotIdGameName":"ÔNG TỔ NGHỀ ĐỚP","riotIdTagline":"Ido","placement":7,"timeEliminated":1527.4259033203125,"totalPoints":0},{"riotIdGameName":"hien anh91","riotIdTagline":"vn2","placement":5,"timeEliminated":1898.368408203125,"totalPoints":0},{"riotIdGameName":"1 Chmú Hmề Bmuồn","riotIdTagline":"9999","placement":2,"timeEliminated":2107.7431640625,"totalPoints":8},{"riotIdGameName":"Cụ Vũ Pha Lê","riotIdTagline":"2007","placement":8,"timeEliminated":1341.270263671875,"totalPoints":0},{"riotIdGameName":"DQ Agency Dương","riotIdTagline":"vn2","placement":1,"timeEliminated":2107.7431640625,"totalPoints":10},{"riotIdGameName":"Mad Emperor","riotIdTagline":"vn2","placement":4,"timeEliminated":1957.1922607421875,"totalPoints":4}]},{"matchId":"VN2_1138191084","endOfGameResult":"GameComplete","gameMode":"standard","participants":[{"riotIdGameName":"KGM","riotIdTagline":"vn2","placement":4,"timeEliminated":2026.0235595703125,"totalPoints":4},{"riotIdGameName":"Pèng ko phèn","riotIdTagline":"3001","placement":3,"timeEliminated":2090.3974609375,"totalPoints":6},{"riotIdGameName":"T1JLGFx","riotIdTagline":"JLGFx","placement":1,"timeEliminated":2241.347412109375,"totalPoints":10},{"riotIdGameName":"minh xù","riotIdTagline":"0397","placement":7,"timeEliminated":1787.5477294921875,"totalPoints":0},{"riotIdGameName":"AFISIPI","riotIdTagline":"01337","placement":8,"timeEliminated":1091.3837890625,"totalPoints":0},{"riotIdGameName":"hien anh91","riotIdTagline":"vn2","placement":5,"timeEliminated":1956.6075439453125,"totalPoints":0},{"riotIdGameName":"Babe Sảo My","riotIdTagline":"cute","placement":6,"timeEliminated":1807.68798828125,"totalPoints":0},{"riotIdGameName":"QuocTrung","riotIdTagline":"181","placement":2,"timeEliminated":2241.347412109375,"totalPoints":8}]},{"matchId":"VN2_1138152785","endOfGameResult":"GameComplete","gameMode":"standard","participants":[{"riotIdGameName":"hien anh91","riotIdTagline":"vn2","placement":2,"timeEliminated":2231.67626953125,"totalPoints":8},{"riotIdGameName":"Bồ Cái Thưn","riotIdTagline":"vn2","placement":6,"timeEliminated":1622.15771484375,"totalPoints":0},{"riotIdGameName":"Chú Tư Lù","riotIdTagline":"nemo","placement":4,"timeEliminated":1861.0809326171875,"totalPoints":4},{"riotIdGameName":"RONIN Ultimate","riotIdTagline":"vn2","placement":1,"timeEliminated":2231.67626953125,"totalPoints":10},{"riotIdGameName":"Hồ Nguyên","riotIdTagline":"TGXJU","placement":8,"timeEliminated":684.299072265625,"totalPoints":0},{"riotIdGameName":"nguyentinh1135","riotIdTagline":"vn2","placement":3,"timeEliminated":2076.065185546875,"totalPoints":6},{"riotIdGameName":"Chamberman","riotIdTagline":"1423","placement":7,"timeEliminated":1624.760986328125,"totalPoints":0},{"riotIdGameName":"Shiro","riotIdTagline":"5555","placement":5,"timeEliminated":1693.5250244140625,"totalPoints":0}]},{"matchId":"VN2_1139908292","endOfGameResult":"GameComplete","gameMode":"standard","participants":[{"riotIdGameName":"Xintop1nhá","riotIdTagline":"1281","placement":5,"timeEliminated":2046.3841552734375,"totalPoints":0},{"riotIdGameName":"oldmann1920","riotIdTagline":"1281","placement":4,"timeEliminated":2038.8768310546875,"totalPoints":4},{"riotIdGameName":"Trẻ Hư","riotIdTagline":"dang2","placement":7,"timeEliminated":1713.3472900390625,"totalPoints":0},{"riotIdGameName":"chào bố đi con","riotIdTagline":"00009","placement":6,"timeEliminated":1700.179443359375,"totalPoints":0},{"riotIdGameName":"AGG","riotIdTagline":"55976","placement":8,"timeEliminated":1458.154541015625,"totalPoints":0},{"riotIdGameName":"Mắm tôm Diorr","riotIdTagline":"7777","placement":3,"timeEliminated":2116.840576171875,"totalPoints":6},{"riotIdGameName":"Klinng411","riotIdTagline":"Htung","placement":2,"timeEliminated":2202.242919921875,"totalPoints":8},{"riotIdGameName":"Xoàii Tháiiii","riotIdTagline":"12345","placement":1,"timeEliminated":2202.242919921875,"totalPoints":10}]},{"matchId":"VN2_1139492392","endOfGameResult":"GameComplete","gameMode":"standard","participants":[{"riotIdGameName":"QuachsBaos","riotIdTagline":"1903","placement":6,"timeEliminated":1750.7794189453125,"totalPoints":0},{"riotIdGameName":"Đậu Phụ chấm măm","riotIdTagline":"6800","placement":5,"timeEliminated":1744.5208740234375,"totalPoints":0},{"riotIdGameName":"Mắm tôm Diorr","riotIdTagline":"7777","placement":3,"timeEliminated":1976.6016845703125,"totalPoints":6},{"riotIdGameName":"datins","riotIdTagline":"MTP","placement":1,"timeEliminated":2119.495361328125,"totalPoints":10},{"riotIdGameName":"Bỏng Ngô","riotIdTagline":"HGA9","placement":2,"timeEliminated":2119.495361328125,"totalPoints":8},{"riotIdGameName":"Xin Thùng HuDa","riotIdTagline":"vn2","placement":7,"timeEliminated":1221.386474609375,"totalPoints":0},{"riotIdGameName":"daythepgai","riotIdTagline":"1117","placement":4,"timeEliminated":1972.79638671875,"totalPoints":4},{"riotIdGameName":"Hiếu cô đơn","riotIdTagline":"6161","placement":8,"timeEliminated":601.5071411132812,"totalPoints":0}]},{"matchId":"VN2_1139205152","endOfGameResult":"GameComplete","gameMode":"standard","participants":[{"riotIdGameName":"Inaishingi","riotIdTagline":"eun","placement":1,"timeEliminated":2306.661376953125,"totalPoints":10},{"riotIdGameName":"Mắm tôm Diorr","riotIdTagline":"7777","placement":2,"timeEliminated":2303.7578125,"totalPoints":8},{"riotIdGameName":"Thành Long","riotIdTagline":"8559","placement":4,"timeEliminated":2026.1832275390625,"totalPoints":4},{"riotIdGameName":"Nghiaduong2202","riotIdTagline":"Dương","placement":6,"timeEliminated":1830.7943115234375,"totalPoints":0},{"riotIdGameName":"szdfnhjsn55","riotIdTagline":"vn2","placement":7,"timeEliminated":1636.522705078125,"totalPoints":0},{"riotIdGameName":"BG3 KREIVO","riotIdTagline":"vn2","placement":8,"timeEliminated":1470.7586669921875,"totalPoints":0},{"riotIdGameName":"datkozui1234","riotIdTagline":"datk","placement":3,"timeEliminated":2093.73779296875,"totalPoints":6},{"riotIdGameName":"Game 1 Mạng","riotIdTagline":"NQL","placement":5,"timeEliminated":1904.2152099609375,"totalPoints":0}]},{"matchId":"VN2_1138908325","endOfGameResult":"GameComplete","gameMode":"standard","participants":[{"riotIdGameName":"ị vào mặt mày","riotIdTagline":"Hello","placement":7,"timeEliminated":1706.2406005859375,"totalPoints":0},{"riotIdGameName":"Đại bá","riotIdTagline":"Sao","placement":8,"timeEliminated":1637.005615234375,"totalPoints":0},{"riotIdGameName":"kimbuxiu9","riotIdTagline":"5401","placement":1,"timeEliminated":2196.2392578125,"totalPoints":10},{"riotIdGameName":"Trùm Xóm Trọ","riotIdTagline":"2689","placement":3,"timeEliminated":2060.957275390625,"totalPoints":6},{"riotIdGameName":"Minh Phò Mã","riotIdTagline":"0606","placement":2,"timeEliminated":2196.2392578125,"totalPoints":8},{"riotIdGameName":"Mắm tôm Diorr","riotIdTagline":"7777","placement":4,"timeEliminated":1866.0401611328125,"totalPoints":4},{"riotIdGameName":"dtnhat","riotIdTagline":"D0612","placement":6,"timeEliminated":1813.926513671875,"totalPoints":0},{"riotIdGameName":"Alvin","riotIdTagline":"8392","placement":5,"timeEliminated":1858.7598876953125,"totalPoints":0}]},{"matchId":"VN2_1138521401","endOfGameResult":"GameComplete","gameMode":"standard","participants":[{"riotIdGameName":"deo hieu kieu j","riotIdTagline":"namdz","placement":4,"timeEliminated":1959.832275390625,"totalPoints":4},{"riotIdGameName":"Mắm tôm Diorr","riotIdTagline":"7777","placement":8,"timeEliminated":1457.9547119140625,"totalPoints":0},{"riotIdGameName":"xLucifer","riotIdTagline":"2059","placement":1,"timeEliminated":2044.0382080078125,"totalPoints":10},{"riotIdGameName":"Silver","riotIdTagline":"định","placement":7,"timeEliminated":1875.2998046875,"totalPoints":0},{"riotIdGameName":"Sheismine","riotIdTagline":"2411","placement":2,"timeEliminated":2041.7852783203125,"totalPoints":8},{"riotIdGameName":"Tiếnk7","riotIdTagline":"2024","placement":3,"timeEliminated":2042.98681640625,"totalPoints":6},{"riotIdGameName":"Lưu Bá Long","riotIdTagline":"Long","placement":6,"timeEliminated":1860.2745361328125,"totalPoints":0},{"riotIdGameName":"luanxt123456789","riotIdTagline":"vn2","placement":5,"timeEliminated":1874.0482177734375,"totalPoints":0}]},{"matchId":"VN2_1138181379","endOfGameResult":"GameComplete","gameMode":"standard","participants":[{"riotIdGameName":"Mắm tôm Diorr","riotIdTagline":"7777","placement":4,"timeEliminated":1961.2884521484375,"totalPoints":4},{"riotIdGameName":"Athena","riotIdTagline":"309","placement":3,"timeEliminated":2023.0130615234375,"totalPoints":6},{"riotIdGameName":"Thiệnvà7 chốn lù","riotIdTagline":"26024","placement":2,"timeEliminated":2180.409423828125,"totalPoints":8},{"riotIdGameName":"lclong1703","riotIdTagline":"8514","placement":5,"timeEliminated":1853.0374755859375,"totalPoints":0},{"riotIdGameName":"hom nay toi buon","riotIdTagline":"1901","placement":8,"timeEliminated":1375.0125732421875,"totalPoints":0},{"riotIdGameName":"Tề Tĩnh Xuân","riotIdTagline":"1708","placement":6,"timeEliminated":1787.27587890625,"totalPoints":0},{"riotIdGameName":"ĐạiDươngXanhhhhh","riotIdTagline":"hhhhh","placement":7,"timeEliminated":1685.27880859375,"totalPoints":0},{"riotIdGameName":"06 12 00","riotIdTagline":"5969","placement":1,"timeEliminated":2180.409423828125,"totalPoints":10}]}]